Date,Revenue,Item_Count,Is_Holiday,Avg_Price,Lag_1,Lag_7,Rolling_Mean_7,DayOfWeek,Month,Is_Weekend
2017-01-05,396.9,32,0,12.403125,10.9,6589.56,3992.914285714286,3,1,0
2017-01-06,916.38,4,0,229.095,396.9,6295.72,3224.4371428571426,4,1,0
2017-01-07,1351.9,5,0,270.38,916.38,6728.25,2456.387142857143,5,1,1
2017-01-08,709.58,6,0,118.26333333333334,1351.9,8306.86,1371.0614285714287,6,1,1
2017-01-09,673.79,6,0,112.29833333333333,709.58,2519.2,1107.4314285714286,0,1,0
2017-01-10,1434.87,6,0,239.14499999999998,673.79,3692.57,784.9028571428571,1,1,0
2017-01-11,1855.27,10,0,185.527,1434.87,10.9,1048.3842857142859,2,1,0
2017-01-12,2234.58,15,0,148.972,1855.27,396.9,1310.9099999999999,3,1,0
2017-01-13,2505.58,11,0,227.78,2234.58,916.38,1537.9385714285713,4,1,0
2017-01-14,1112.69,18,0,61.81611111111111,2505.58,1351.9,1503.765714285714,5,1,1
2017-01-15,2199.5699999999997,21,0,104.74142857142856,1112.69,709.58,1716.6214285714284,6,1,1
2017-01-16,3307.92,24,0,137.83,2199.5699999999997,673.79,2092.925714285714,0,1,0
2017-01-17,3302.5299999999997,37,0,89.25756756756756,3307.92,1434.87,2359.7342857142858,1,1,0
2017-01-18,3936.37,33,0,119.28393939393939,3302.5299999999997,1855.27,2657.0342857142855,2,1,0
2017-01-19,3553.95,35,0,101.54142857142857,3936.37,2234.58,2845.5157142857142,3,1,0
2017-01-20,4035.83,39,0,103.48282051282051,3553.95,2505.58,3064.122857142857,4,1,0
2017-01-21,2458.6,36,0,68.29444444444444,4035.83,1112.69,3256.3957142857143,5,1,1
2017-01-22,3619.27,33,0,109.67484848484848,2458.6,2199.5699999999997,3459.21,6,1,1
2017-01-23,6407.07,53,0,120.88811320754716,3619.27,3307.92,3901.9457142857145,0,1,0
2017-01-24,5875.18,43,0,136.63209302325583,6407.07,3302.5299999999997,4269.467142857143,1,1,0
2017-01-25,8022.94,66,0,121.55969696969696,5875.18,3936.37,4853.262857142857,2,1,0
2017-01-26,13107.96,99,0,132.40363636363637,8022.94,3553.95,6218.121428571429,3,1,0
2017-01-27,11432.95,76,0,150.43355263157895,13107.96,4035.83,7274.852857142857,4,1,0
2017-01-28,5211.01,30,0,173.70033333333333,11432.95,2458.6,7668.0542857142855,5,1,1
2017-01-29,6457.66,47,0,137.39702127659575,5211.01,3619.27,8073.538571428572,6,1,1
2017-01-30,10801.13,75,0,144.01506666666666,6457.66,6407.07,8701.261428571428,0,1,0
2017-01-31,10860.23,84,0,129.28845238095238,10801.13,5875.18,9413.41142857143,1,1,0
2017-02-01,7643.76,66,0,115.81454545454545,10860.23,8022.94,9359.242857142857,2,2,0
2017-02-02,8917.64,75,0,118.90186666666666,7643.76,13107.96,8760.625714285714,3,2,0
2017-02-03,9641.82,58,0,166.23827586206897,8917.64,11432.95,8504.749999999998,4,2,0
2017-02-04,13968.16,72,0,194.00222222222223,9641.82,5211.01,9755.771428571428,5,2,1
2017-02-05,8406.89,82,0,102.5230487804878,13968.16,6457.66,10034.232857142855,6,2,1
2017-02-06,9469.75,85,0,111.40882352941176,8406.89,10801.13,9844.035714285714,0,2,0
2017-02-07,13774.68,124,0,111.08612903225807,9469.75,10860.23,10260.385714285714,1,2,0
2017-02-08,11908.37,98,0,121.51397959183674,13774.68,7643.76,10869.615714285714,2,2,0
2017-02-09,9161.39,81,0,113.10358024691357,11908.37,8917.64,10904.437142857143,3,2,0
2017-02-10,13422.14,72,0,186.4186111111111,9161.39,9641.82,11444.482857142855,4,2,0
2017-02-11,4307.56,51,0,84.46196078431373,13422.14,13968.16,10064.397142857142,5,2,1
2017-02-12,14922.35,64,0,233.16171875,4307.56,8406.89,10995.177142857141,6,2,1
2017-02-13,10136.15,86,0,117.86220930232558,14922.35,9469.75,11090.377142857144,0,2,0
2017-02-14,11624.21,78,0,149.02833333333334,10136.15,13774.68,10783.167142857143,1,2,0
2017-02-15,6605.15,62,0,106.53467741935484,11624.21,11908.37,10025.564285714285,2,2,0
2017-02-16,5823.14,54,0,107.83592592592593,6605.15,9161.39,9548.671428571428,3,2,0
2017-02-17,6801.26,56,0,121.45107142857144,5823.14,13422.14,8602.831428571428,4,2,0
2017-02-18,7297.33,63,0,115.83063492063492,6801.26,4307.56,9029.941428571428,5,2,1
2017-02-19,3564.83,41,0,86.9470731707317,7297.33,14922.35,7407.438571428572,6,2,1
2017-02-20,7806.4,68,0,114.8,3564.83,10136.15,7074.617142857142,0,2,0
2017-02-21,8285.64,47,0,176.29021276595742,7806.4,11624.21,6597.678571428572,1,2,0
2017-02-22,6980.37,61,0,114.43229508196721,8285.64,6605.15,6651.2814285714285,2,2,0
2017-02-23,6625.82,72,0,92.02527777777777,6980.37,5823.14,6765.949999999999,3,2,0
2017-02-24,6657.22,72,0,92.46138888888889,6625.82,6801.26,6745.372857142857,4,2,0
2017-02-25,3573.69,43,0,83.10906976744187,6657.22,7297.33,6213.424285714286,5,2,1
2017-02-26,5267.49,50,0,105.3498,3573.69,3564.83,6456.661428571429,6,2,1
2017-02-27,5764.32,51,0,113.02588235294117,5267.49,7806.4,6164.935714285713,0,2,0
2017-02-28,10701.76,65,0,164.64246153846153,5764.32,8285.64,6510.095714285715,1,2,0
2017-03-01,12245.41,112,0,109.33401785714285,10701.76,6980.37,7262.244285714286,2,3,0
2017-03-02,11164.5,73,0,152.93835616438355,12245.41,6625.82,7910.627142857143,3,3,0
2017-03-03,12364.44,80,0,154.5555,11164.5,6657.22,8725.944285714286,4,3,0
2017-03-04,9029.53,81,0,111.4756790123457,12364.44,3573.69,9505.35,5,3,1
2017-03-05,6722.82,79,0,85.09898734177214,9029.53,5267.49,9713.254285714285,6,3,1
2017-03-06,8916.64,113,0,78.9083185840708,6722.82,5764.32,10163.585714285715,0,3,0
2017-03-07,11458.52,96,0,119.35958333333333,8916.64,10701.76,10271.694285714286,1,3,0
2017-03-08,13698.77,83,0,165.045421686747,11458.52,12245.41,10479.317142857142,2,3,0
2017-03-09,11355.64,113,0,100.49238938053097,13698.77,11164.5,10506.622857142856,3,3,0
2017-03-10,11984.97,97,0,123.55639175257731,11355.64,12364.44,10452.412857142857,4,3,0
2017-03-11,10833.27,79,0,137.13,11984.97,9029.53,10710.09,5,3,1
2017-03-12,6496.17,70,0,92.80242857142858,10833.27,6722.82,10677.711428571429,6,3,1
2017-03-13,16469.66,113,0,145.74920353982301,6496.17,8916.64,11756.714285714286,0,3,0
2017-03-14,14011.56,111,0,126.23027027027027,16469.66,11458.52,12121.434285714287,1,3,0
2017-03-15,14756.83,119,0,124.00697478991597,14011.56,13698.77,12272.585714285715,2,3,0
2017-03-16,14148.34,125,0,113.18672000000001,14756.83,11355.64,12671.542857142858,3,3,0
2017-03-17,11970.4,79,0,151.52405063291138,14148.34,11984.97,12669.461428571429,4,3,0
2017-03-18,16433.82,77,0,213.42623376623376,11970.4,10833.27,13469.539999999999,5,3,1
2017-03-19,6649.34,59,0,112.7006779661017,16433.82,6496.17,13491.421428571428,6,3,1
2017-03-20,16906.09,125,0,135.24872,6649.34,16469.66,13553.768571428573,0,3,0
2017-03-21,11311.15,103,0,109.81699029126213,16906.09,14011.56,13167.995714285713,1,3,0
2017-03-22,14188.97,122,0,116.30303278688524,11311.15,14756.83,13086.872857142855,2,3,0
2017-03-23,16300.56,133,0,122.5606015037594,14188.97,14148.34,13394.332857142856,3,3,0
2017-03-24,10143.22,84,0,120.75261904761904,16300.56,11970.4,13133.307142857142,4,3,0
2017-03-25,9345.79,83,0,112.5998795180723,10143.22,16433.82,12120.731428571427,5,3,1
2017-03-26,6320.95,69,0,91.60797101449275,9345.79,6649.34,12073.81857142857,6,3,1
2017-03-27,16356.97,120,0,136.30808333333331,6320.95,16906.09,11995.372857142856,0,3,0
2017-03-28,11757.11,113,0,104.04522123893805,16356.97,11311.15,12059.08142857143,1,3,0
2017-03-29,8294.04,84,0,98.73857142857143,11757.11,14188.97,11216.948571428571,2,3,0
2017-03-30,9795.61,81,0,120.93345679012346,8294.04,16300.56,10287.67,3,3,0
2017-03-31,12170.78,72,0,169.03861111111112,9795.61,10143.22,10577.32142857143,4,3,0
2017-04-01,17697.37,69,0,256.4836231884058,12170.78,9345.79,11770.404285714287,5,4,1
2017-04-02,9129.88,78,0,117.04974358974358,17697.37,6320.95,12171.680000000002,6,4,1
2017-04-03,9052.81,86,0,105.26523255813953,9129.88,16356.97,11128.228571428572,0,4,0
2017-04-04,12301.65,109,0,112.85917431192661,9052.81,11757.11,11206.02,1,4,0
2017-04-05,18902.94,102,0,185.32294117647058,12301.65,8294.04,12721.577142857142,2,4,0
2017-04-06,19136.39,101,0,189.4692079207921,18902.94,9795.61,14055.974285714285,3,4,0
2017-04-07,12960.39,93,0,139.3590322580645,19136.39,12170.78,14168.775714285714,4,4,0
2017-04-08,8740.09,70,0,124.85842857142858,12960.39,17697.37,12889.164285714285,5,4,1
2017-04-09,7914.65,76,0,104.14013157894736,8740.09,9129.88,12715.56,6,4,1
2017-04-10,11577.41,94,0,123.16393617021276,7914.65,9052.81,13076.217142857142,0,4,0
2017-04-11,7155.61,83,0,86.21216867469879,11577.41,12301.65,12341.06857142857,1,4,0
2017-04-12,8069.21,65,0,124.14169230769231,7155.61,18902.94,10793.392857142857,2,4,0
2017-04-13,9691.43,64,0,151.42859375,8069.21,19136.39,9444.112857142856,3,4,0
2017-04-14,7001.07,58,1,120.70810344827586,9691.43,12960.39,8592.781428571428,4,4,0
2017-04-15,8284.04,54,0,153.40814814814817,7001.07,8740.09,8527.631428571429,5,4,1
2017-04-16,5455.96,52,0,104.9223076923077,8284.04,7914.65,8176.39,6,4,1
2017-04-17,7966.87,67,0,118.90850746268657,5455.96,11577.41,7660.598571428572,0,4,0
2017-04-18,21286.72,84,0,253.41333333333336,7966.87,7155.61,9679.328571428572,1,4,0
2017-04-19,12103.46,112,0,108.06660714285714,21286.72,8069.21,10255.65,2,4,0
2017-04-20,13373.14,115,0,116.28817391304348,12103.46,9691.43,10781.608571428571,3,4,0
2017-04-21,8446.26,76,1,111.135,13373.14,7001.07,10988.064285714287,4,4,0
2017-04-22,12860.18,94,0,136.8104255319149,8446.26,8284.04,11641.798571428571,5,4,1
2017-04-23,10029.05,90,0,111.43388888888889,12860.18,5455.96,12295.097142857145,6,4,1
2017-04-24,13284.83,128,0,103.787734375,10029.05,7966.87,13054.805714285714,0,4,0
2017-04-25,14501.84,122,0,118.86754098360656,13284.83,21286.72,12085.537142857142,1,4,0
2017-04-26,15430.49,137,0,112.63131386861313,14501.84,12103.46,12560.827142857144,2,4,0
2017-04-27,9851.710000000001,100,0,98.51710000000001,15430.49,13373.14,12057.765714285715,3,4,0
2017-04-28,15720.59,107,0,146.92140186915887,9851.710000000001,8446.26,13096.955714285714,4,4,0
2017-04-29,11912.63,86,0,138.5189534883721,15720.59,12860.18,12961.591428571428,5,4,1
2017-04-30,8041.26,70,0,114.87514285714286,11912.63,10029.05,12677.621428571429,6,4,1
2017-05-01,12576.77,130,1,96.74438461538462,8041.26,13284.83,12576.47,0,5,0
2017-05-02,17640.2,136,0,129.70735294117648,12576.77,14501.84,13024.807142857142,1,5,0
2017-05-03,10053.56,111,0,90.5726126126126,17640.2,15430.49,12256.674285714285,2,5,0
2017-05-04,13493.56,121,0,111.51702479338843,10053.56,9851.710000000001,12776.938571428573,3,5,0
2017-05-05,13946.76,121,0,115.26247933884298,13493.56,15720.59,12523.534285714286,4,5,0
2017-05-06,16125.08,126,0,127.97682539682539,13946.76,11912.63,13125.312857142857,5,5,1
2017-05-07,16552.36,117,0,141.4731623931624,16125.08,8041.26,14341.184285714286,6,5,1
2017-05-08,16148.41,143,0,112.92594405594406,16552.36,12576.77,14851.418571428572,0,5,0
2017-05-09,20622.56,151,0,136.57324503311258,16148.41,17640.2,15277.470000000001,1,5,0
2017-05-10,20906.59,123,0,169.97227642276422,20622.56,10053.56,16827.902857142857,2,5,0
2017-05-11,18164.55,138,0,131.62717391304346,20906.59,13493.56,17495.187142857143,3,5,0
2017-05-12,12191.61,119,0,102.45050420168067,18164.55,13946.76,17244.45142857143,4,5,0
2017-05-13,9053.65,80,0,113.170625,12191.61,16125.08,16234.247142857143,5,5,1
2017-05-14,15022.9,127,0,118.29055118110236,9053.65,16552.36,16015.752857142857,6,5,1
2017-05-15,17772.43,169,0,105.16230769230769,15022.9,16148.41,16247.755714285713,0,5,0
2017-05-16,21115.89,171,0,123.48473684210526,17772.43,20622.56,16318.231428571427,1,5,0
2017-05-17,18195.95,155,0,117.39322580645161,21115.89,20906.59,15930.997142857144,2,5,0
2017-05-18,18245.13,140,0,130.32235714285716,18195.95,18164.55,15942.50857142857,3,5,0
2017-05-19,17920.170000000002,165,0,108.60709090909091,18245.13,12191.61,16760.874285714286,4,5,0
2017-05-20,10593.41,79,0,134.09379746835444,17920.170000000002,9053.65,16980.84,5,5,1
2017-05-21,17361.2,163,0,106.51042944785277,10593.41,15022.9,17314.882857142857,6,5,1
2017-05-22,24027.51,165,0,145.62127272727272,17361.2,17772.43,18208.465714285714,0,5,0
2017-05-23,17511.89,138,0,126.89775362318841,24027.51,21115.89,17693.608571428573,1,5,0
2017-05-24,23350.97,159,0,146.8614465408805,17511.89,18195.95,18430.04,2,5,0
2017-05-25,15116.79,115,0,131.45034782608695,23350.97,18245.13,17983.134285714284,3,5,0
2017-05-26,10651.18,93,0,114.52881720430108,15116.79,17920.170000000002,16944.707142857143,4,5,0
2017-05-27,13720.71,90,0,152.4523333333333,10651.18,10593.41,17391.464285714286,5,5,1
2017-05-28,9262.62,106,0,87.38320754716982,13720.71,17361.2,16234.524285714286,6,5,1
2017-05-29,18732.86,177,0,105.83536723163841,9262.62,24027.51,15478.145714285713,0,5,0
2017-05-30,13514.69,115,0,117.51904347826087,18732.86,17511.89,14907.117142857142,1,5,0
2017-05-31,19825.26,139,0,142.62776978417264,13514.69,23350.97,14403.444285714284,2,5,0
2017-06-01,19287.35,135,0,142.86925925925925,19825.26,15116.79,14999.238571428572,3,6,0
2017-06-02,18931.34,134,0,141.2786567164179,19287.35,10651.18,16182.11857142857,4,6,0
2017-06-03,10432.85,100,0,104.3285,18931.34,13720.71,15712.424285714285,5,6,1
2017-06-04,13863.23,106,0,130.78518867924527,10432.85,9262.62,16369.654285714283,6,6,1
2017-06-05,23425.56,161,0,145.50037267080745,13863.23,18732.86,17040.04,0,6,0
2017-06-06,13830.15,155,0,89.22677419354838,23425.56,13514.69,17085.105714285713,1,6,0
2017-06-07,12771.66,132,0,96.755,13830.15,19825.26,16077.448571428573,2,6,0
2017-06-08,18503.079999999998,151,0,122.53695364238409,12771.66,19287.35,15965.41,3,6,0
2017-06-09,16051.35,127,0,126.38858267716536,18503.079999999998,18931.34,15553.982857142857,4,6,0
2017-06-10,8220.35,83,0,99.04036144578313,16051.35,10432.85,15237.91142857143,5,6,1
2017-06-11,14163.66,125,0,113.30928,8220.35,13863.23,15280.83,6,6,1
2017-06-12,14803.11,149,0,99.34973154362416,14163.66,23425.56,14049.05142857143,0,6,0
2017-06-13,13901.2,139,0,100.00863309352519,14803.11,13830.15,14059.201428571429,1,6,0
2017-06-14,20441.670000000002,147,0,139.05897959183676,13901.2,12771.66,15154.917142857143,2,6,0
2017-06-15,12665.77,118,0,107.3370338983051,20441.670000000002,18503.079999999998,14321.015714285715,3,6,0
2017-06-16,12831.33,103,0,124.57601941747573,12665.77,16051.35,13861.01285714286,4,6,0
2017-06-17,11024.62,82,0,134.44658536585368,12831.33,8220.35,14261.622857142856,5,6,1
2017-06-18,15726.27,99,0,158.85121212121211,11024.62,14163.66,14484.85285714286,6,6,1
2017-06-19,22692.83,178,0,127.48780898876406,15726.27,14803.11,15611.955714285717,0,6,0
2017-06-20,10968.33,107,0,102.5077570093458,22692.83,13901.2,15192.974285714286,1,6,0
2017-06-21,6183.65,38,0,162.72763157894735,10968.33,20441.670000000002,13156.114285714286,2,6,0
2017-06-22,8643.41,96,0,90.03552083333334,6183.65,12665.77,12581.49142857143,3,6,0
2017-06-23,13023.98,116,0,112.27568965517241,8643.41,12831.33,12609.012857142856,4,6,0
2017-06-24,8325.65,81,0,102.7858024691358,13023.98,11024.62,12223.445714285714,5,6,1
2017-06-25,17424.78,111,0,156.98,8325.65,15726.27,12466.09,6,6,1
2017-06-26,13294.86,82,0,162.13243902439024,17424.78,22692.83,11123.522857142858,0,6,0
2017-06-27,16681.61,153,0,109.03013071895425,13294.86,10968.33,11939.705714285714,1,6,0
2017-06-28,14580.82,126,0,115.72079365079365,16681.61,6183.65,13139.301428571429,2,6,0
2017-06-29,12169.53,122,0,99.75024590163935,14580.82,8643.41,13643.032857142856,3,6,0
2017-06-30,12736.89,97,0,131.3081443298969,12169.53,13023.98,13602.02,4,6,0
2017-07-01,12151.75,94,0,129.27393617021278,12736.89,8325.65,14148.605714285715,5,7,1
2017-07-02,11459.45,117,0,97.9440170940171,12151.75,17424.78,13296.415714285713,6,7,1
2017-07-03,16569.25,129,0,128.44379844961242,11459.45,13294.86,13764.185714285713,0,7,0
2017-07-04,15484.24,134,0,115.55402985074626,16569.25,16681.61,13593.132857142858,1,7,0
2017-07-05,20533.02,160,0,128.331375,15484.24,14580.82,14443.447142857143,2,7,0
2017-07-06,22161.27,161,0,137.6476397515528,20533.02,12169.53,15870.838571428572,3,7,0
2017-07-07,13237.87,133,0,99.53285714285715,22161.27,12736.89,15942.407142857144,4,7,0
2017-07-08,10206.86,91,0,112.16329670329671,13237.87,12151.75,15664.565714285714,5,7,1
2017-07-09,8070.58,96,0,84.06854166666666,10206.86,11459.45,15180.44142857143,6,7,1
2017-07-10,17326.93,156,0,111.0700641025641,8070.58,16569.25,15288.681428571426,0,7,0
2017-07-11,19973.79,183,0,109.14639344262295,17326.93,15484.24,15930.045714285716,1,7,0
2017-07-12,19042.22,164,0,116.11109756097562,19973.79,20533.02,15717.074285714287,2,7,0
2017-07-13,14465.01,154,0,93.92863636363637,19042.22,22161.27,14617.608571428571,3,7,0
2017-07-14,18745.15,168,0,111.57827380952382,14465.01,13237.87,15404.362857142858,4,7,0
2017-07-15,10930.56,112,0,97.5942857142857,18745.15,10206.86,15507.748571428572,5,7,1
2017-07-16,13027.62,146,0,89.23027397260275,10930.56,8070.58,16215.897142857142,6,7,1
2017-07-17,21554.98,194,0,111.1081443298969,13027.62,17326.93,16819.90428571429,0,7,0
2017-07-18,28238.2,220,0,128.35545454545453,21554.98,19973.79,18000.534285714286,1,7,0
2017-07-19,16269.41,170,0,95.70241176470589,28238.2,19042.22,17604.418571428574,2,7,0
2017-07-20,17974.18,167,0,107.62982035928144,16269.41,14465.01,18105.72857142857,3,7,0
2017-07-21,12629.05,129,0,97.89961240310078,17974.18,18745.15,17232.0,4,7,0
2017-07-22,11426.81,100,0,114.26809999999999,12629.05,10930.56,17302.89285714286,5,7,1
2017-07-23,12117.61,107,0,113.24869158878505,11426.81,13027.62,17172.89142857143,6,7,1
2017-07-24,18183.72,175,0,103.90697142857144,12117.61,21554.98,16691.282857142858,0,7,0
2017-07-25,16910.32,167,0,101.25940119760479,18183.72,28238.2,15073.014285714287,1,7,0
2017-07-26,10988.050000000001,143,0,76.8395104895105,16910.32,16269.41,14318.534285714284,2,7,0
2017-07-27,15564.93,137,0,113.61262773722628,10988.050000000001,17974.18,13974.355714285715,3,7,0
2017-07-28,20043.16,153,0,131.001045751634,15564.93,12629.05,15033.514285714287,4,7,0
2017-07-29,15424.48,127,0,121.45259842519685,20043.16,11426.81,15604.61,5,7,1
2017-07-30,12944.87,130,0,99.57592307692309,15424.48,12117.61,15722.789999999999,6,7,1
2017-07-31,17146.08,164,0,104.54926829268294,12944.87,18183.72,15574.555714285714,0,7,0
2017-08-01,21616.04,184,0,117.47847826086957,17146.08,16910.32,16246.80142857143,1,8,0
2017-08-02,17919.45,168,0,106.66339285714287,21616.04,10988.050000000001,17237.00142857143,2,8,0
2017-08-03,18985.61,165,0,115.06430303030304,17919.45,15564.93,17725.670000000002,3,8,0
2017-08-04,18062.62,160,0,112.891375,18985.61,20043.16,17442.735714285714,4,8,0
2017-08-05,11898.24,125,0,95.18592,18062.62,15424.48,16938.987142857142,5,8,1
2017-08-06,12902.48,118,0,109.34305084745762,11898.24,12944.87,16932.931428571428,6,8,1
2017-08-07,23257.84,182,0,127.79032967032967,12902.48,17146.08,17806.04,0,8,0
2017-08-08,18661.63,159,0,117.36874213836478,23257.84,21616.04,17383.981428571427,1,8,0
2017-08-09,20508.27,160,0,128.1766875,18661.63,17919.45,17753.812857142857,2,8,0
2017-08-10,19865.55,175,0,113.51742857142857,20508.27,18985.61,17879.51857142857,3,8,0
2017-08-11,19012.28,161,0,118.08869565217391,19865.55,18062.62,18015.184285714284,4,8,0
2017-08-12,12843.06,104,0,123.49096153846153,19012.28,11898.24,18150.15857142857,5,8,1
2017-08-13,12264.29,108,0,113.55824074074074,12843.06,12902.48,18058.98857142857,6,8,1
2017-08-14,17927.47,174,0,103.0314367816092,12264.29,23257.84,17297.507142857143,0,8,0
2017-08-15,23692.36,209,0,113.36057416267943,17927.47,18661.63,18016.182857142856,1,8,0
2017-08-16,20770.02,203,0,102.31536945812807,23692.36,20508.27,18053.575714285715,2,8,0
2017-08-17,18338.11,168,0,109.15541666666667,20770.02,19865.55,17835.370000000003,3,8,0
2017-08-18,17132.01,160,0,107.07506249999999,18338.11,19012.28,17566.760000000002,4,8,0
2017-08-19,12882.48,123,0,104.73560975609756,17132.01,12843.06,17572.39142857143,5,8,1
2017-08-20,12873.78,118,0,109.09983050847458,12882.48,12264.29,17659.461428571427,6,8,1
2017-08-21,21979.45,211,0,104.16800947867299,12873.78,17927.47,18238.315714285713,0,8,0
2017-08-22,16627.12,161,0,103.27403726708074,21979.45,23692.36,17228.995714285713,1,8,0
2017-08-23,15873.61,158,0,100.46588607594937,16627.12,20770.02,16529.50857142857,2,8,0
2017-08-24,13361.11,143,0,93.43433566433566,15873.61,18338.11,15818.50857142857,3,8,0
2017-08-25,14668.75,132,0,111.12689393939394,13361.11,17132.01,15466.614285714286,4,8,0
2017-08-26,10141.69,99,0,102.44131313131314,14668.75,12882.48,15075.072857142859,5,8,1
2017-08-27,13019.91,140,0,92.99935714285714,10141.69,12873.78,15095.948571428571,6,8,1
2017-08-28,22062.52,171,0,129.02058479532164,13019.91,21979.45,15107.815714285714,0,8,0
2017-08-29,33236.48,153,0,217.2318954248366,22062.52,16627.12,17480.58142857143,1,8,0
2017-08-30,30856.17,197,0,156.63030456852792,33236.48,15873.61,19620.947142857145,2,8,0
2017-08-31,20671.51,172,0,120.1831976744186,30856.17,13361.11,20665.29,3,8,0
2017-09-01,28303.15,181,0,156.37099447513813,20671.51,14668.75,22613.06142857143,4,9,0
2017-09-02,18128.66,118,0,153.6327118644068,28303.15,10141.69,23754.057142857142,5,9,1
2017-09-03,27615.52,140,0,197.2537142857143,18128.66,13019.91,25839.144285714283,6,9,1
2017-09-04,24937.98,161,0,154.8942857142857,27615.52,22062.52,26249.924285714285,0,9,0
2017-09-05,20800.65,180,0,115.55916666666667,24937.98,33236.48,24473.37714285714,1,9,0
2017-09-06,25134.71,156,0,161.11993589743588,20800.65,30856.17,23656.02571428571,2,9,0
2017-09-07,16893.5,104,1,162.4375,25134.71,20671.51,23116.309999999998,3,9,0
2017-09-08,11554.58,131,0,88.20290076335878,16893.5,28303.15,20723.657142857144,4,9,0
2017-09-09,15082.53,119,0,126.74394957983193,11554.58,18128.66,20288.495714285713,5,9,1
2017-09-10,17708.37,151,0,117.27397350993377,15082.53,27615.52,18873.18857142857,6,9,1
2017-09-11,23326.79,192,0,121.49369791666668,17708.37,24937.98,18643.018571428573,0,9,0
2017-09-12,27006.02,243,0,111.13588477366255,23326.79,20800.65,19529.5,1,9,0
2017-09-13,27333.38,227,0,120.41136563876653,27006.02,25134.71,19843.595714285715,2,9,0
2017-09-14,22301.87,196,0,113.78505102040816,27333.38,16893.5,20616.22,3,9,0
2017-09-15,18159.37,162,0,112.09487654320986,22301.87,11554.58,21559.76142857143,4,9,0
2017-09-16,20705.63,135,0,153.37503703703703,18159.37,15082.53,22363.06142857143,5,9,1
2017-09-17,19979.42,136,0,146.9075,20705.63,17708.37,22687.49714285714,6,9,1
2017-09-18,27987.91,217,0,128.97654377880184,19979.42,23326.79,23353.37142857143,0,9,0
2017-09-19,19814.47,176,0,112.58221590909092,27987.91,27006.02,22326.007142857143,1,9,0
2017-09-20,21812.75,184,0,118.5475543478261,19814.47,27333.38,21537.345714285715,2,9,0
2017-09-21,18612.97,174,0,106.971091954023,21812.75,22301.87,21010.360000000004,3,9,0
2017-09-22,15713.12,151,0,104.06039735099338,18612.97,18159.37,20660.895714285714,4,9,0
2017-09-23,9792.51,97,0,100.95371134020618,15713.12,20705.63,19101.87857142857,5,9,1
2017-09-24,12920.75,123,0,105.04674796747967,9792.51,19979.42,18093.497142857144,6,9,1
2017-09-25,17897.6,153,0,116.97777777777777,12920.75,27987.91,16652.024285714288,0,9,0
2017-09-26,21602.0,195,0,110.77948717948718,17897.6,19814.47,16907.385714285716,1,9,0
2017-09-27,20646.92,174,0,118.66045977011493,21602.0,21812.75,16740.838571428572,2,9,0
2017-09-28,23172.62,164,0,141.29646341463413,20646.92,18612.97,17392.217142857142,3,9,0
2017-09-29,30862.66,134,0,230.31835820895523,23172.62,15713.12,19556.437142857143,4,9,0
2017-09-30,11785.5,119,0,99.03781512605042,30862.66,9792.51,19841.149999999998,5,9,1
2017-10-01,18081.38,141,0,128.2367375886525,11785.5,12920.75,20578.382857142857,6,10,1
2017-10-02,21764.65,166,0,131.11234939759038,18081.38,17897.6,21130.81857142857,0,10,0
2017-10-03,26118.57,218,0,119.80995412844037,21764.65,21602.0,21776.042857142857,1,10,0
2017-10-04,21197.7,171,0,123.96315789473685,26118.57,20646.92,21854.725714285716,2,10,0
2017-10-05,25230.42,170,0,148.41423529411765,21197.7,23172.62,22148.697142857145,3,10,0
2017-10-06,17024.77,153,0,111.27300653594772,25230.42,30862.66,20171.855714285713,4,10,0
2017-10-07,15041.02,115,0,130.79147826086958,17024.77,11785.5,20636.93,5,10,1
2017-10-08,16539.010000000002,137,0,120.72270072992703,15041.02,18081.38,20416.59142857143,6,10,1
2017-10-09,28902.27,220,0,131.37395454545455,16539.010000000002,21764.65,21436.25142857143,0,10,0
2017-10-10,28040.73,200,0,140.20365,28902.27,26118.57,21710.845714285715,1,10,0
2017-10-11,21482.48,176,0,122.05954545454546,28040.73,21197.7,21751.528571428567,2,10,0
2017-10-12,18375.98,155,1,118.55470967741935,21482.48,25230.42,20772.32285714286,3,10,0
2017-10-13,22241.19,164,0,135.61701219512193,18375.98,17024.77,21517.52571428571,4,10,0
2017-10-14,13490.95,127,0,106.22795275590552,22241.19,15041.02,21296.08714285714,5,10,1
2017-10-15,18598.06,134,0,138.79149253731345,13490.95,16539.010000000002,21590.237142857142,6,10,1
2017-10-16,30424.86,222,0,137.04891891891893,18598.06,28902.27,21807.75,0,10,0
2017-10-17,29387.77,253,0,116.15719367588933,30424.86,28040.73,22000.184285714284,1,10,0
2017-10-18,27257.79,223,0,122.23224215246637,29387.77,21482.48,22825.22857142857,2,10,0
2017-10-19,23198.71,194,0,119.5809793814433,27257.79,18375.98,23514.190000000002,3,10,0
2017-10-20,18543.3,130,0,142.64076923076922,23198.71,22241.19,22985.920000000002,4,10,0
2017-10-21,14559.65,122,0,119.34139344262294,18543.3,13490.95,23138.591428571428,5,10,1
2017-10-22,19735.66,181,0,109.03679558011049,14559.65,18598.06,23301.105714285713,6,10,1
2017-10-23,21961.1,185,0,118.70864864864865,19735.66,30424.86,22091.997142857144,0,10,0
2017-10-24,22051.37,192,0,114.85088541666666,21961.1,29387.77,21043.94,1,10,0
2017-10-25,17507.06,171,0,102.38046783625732,22051.37,27257.79,19650.978571428568,2,10,0
2017-10-26,21851.8,178,0,122.7629213483146,17507.06,23198.71,19458.562857142857,3,10,0
2017-10-27,20377.58,156,0,130.62551282051282,21851.8,18543.3,19720.602857142858,4,10,0
2017-10-28,16483.61,97,0,169.93412371134022,20377.58,14559.65,19995.454285714284,5,10,1
2017-10-29,17048.75,159,0,107.2248427672956,16483.61,19735.66,19611.609999999997,6,10,1
2017-10-30,19803.04,164,0,120.75024390243902,17048.75,21961.1,19303.315714285713,0,10,0
2017-10-31,23813.0,194,0,122.74742268041237,19803.04,22051.37,19554.977142857144,1,10,0
2017-11-01,19383.61,127,0,152.62685039370078,23813.0,17507.06,19823.055714285718,2,11,0
2017-11-02,21163.829999999998,143,1,147.99881118881117,19383.61,21851.8,19724.774285714284,3,11,0
2017-11-03,22844.05,169,0,135.17189349112425,21163.829999999998,20377.58,20077.12714285714,4,11,0
2017-11-04,19135.27,133,0,143.8742105263158,22844.05,16483.61,20455.93571428571,5,11,1
2017-11-05,16444.64,160,0,102.779,19135.27,17048.75,20369.634285714284,6,11,1
2017-11-06,27842.95,203,0,137.15738916256157,16444.64,19803.04,21518.192857142858,0,11,0
2017-11-07,19860.71,175,0,113.48977142857143,27842.95,23813.0,20953.579999999998,1,11,0
2017-11-08,19194.53,197,0,97.43416243654822,19860.71,19383.61,20926.568571428572,2,11,0
2017-11-09,24640.35,221,0,111.49479638009049,19194.53,21163.829999999998,21423.214285714286,3,11,0
2017-11-10,19023.86,186,0,102.27881720430108,24640.35,22844.05,20877.472857142857,4,11,0
2017-11-11,23203.07,174,0,133.35097701149425,19023.86,19135.27,21458.587142857144,5,11,1
2017-11-12,22588.26,185,0,122.0987027027027,23203.07,16444.64,22336.24714285714,6,11,1
2017-11-13,24112.32,231,0,104.38233766233766,22588.26,27842.95,21803.299999999996,0,11,0
2017-11-14,26692.95,213,0,125.31901408450705,24112.32,19860.71,22779.334285714285,1,11,0
2017-11-15,22928.39,212,1,108.15278301886792,26692.95,19194.53,23312.742857142857,2,11,0
2017-11-16,28268.82,257,0,109.99540856031128,22928.39,24640.35,23831.09571428571,3,11,0
2017-11-17,29176.170000000002,224,0,130.25075892857143,28268.82,19023.86,25281.425714285717,4,11,0
2017-11-18,23224.8,170,0,136.6164705882353,29176.170000000002,23203.07,25284.53,5,11,1
2017-11-19,19955.56,176,0,113.38386363636364,23224.8,22588.26,24908.43,6,11,1
2017-11-20,43920.87,257,0,170.89832684824904,19955.56,24112.32,27738.222857142857,0,11,0
2017-11-21,33730.84,255,0,132.27780392156862,43920.87,26692.95,28743.635714285716,1,11,0
2017-11-22,24678.47,238,0,103.69105042016807,33730.84,22928.39,28993.647142857142,2,11,0
2017-11-23,43563.89,334,0,130.43080838323354,24678.47,28268.82,31178.657142857144,3,11,0
2017-11-24,151777.84,1363,0,111.35571533382245,43563.89,29176.170000000002,48693.18142857143,4,11,0
2017-11-25,60484.590000000004,577,0,104.82597920277297,151777.84,23224.8,54016.008571428574,5,11,1
2017-11-26,44852.38,454,0,98.7937885462555,60484.590000000004,19955.56,57572.69714285714,6,11,1
2017-11-27,47754.81,473,0,100.96154334038054,44852.38,43920.87,58120.40285714286,0,11,0
2017-11-28,47807.55,430,0,111.18034883720931,47754.81,33730.84,60131.36142857142,1,11,0
2017-11-29,39787.42,365,0,109.0066301369863,47807.55,24678.47,62289.782857142854,2,11,0
2017-11-30,31267.84,294,0,106.35319727891157,39787.42,43563.89,60533.20428571429,3,11,0
2017-12-01,39412.01,311,0,126.72672025723473,31267.84,151777.84,44480.94285714285,4,12,0
2017-12-02,30928.14,234,0,132.17153846153846,39412.01,60484.590000000004,40258.59285714286,5,12,1
2017-12-03,29137.3,260,0,112.06653846153846,30928.14,44852.38,38013.58142857143,6,12,1
2017-12-04,45553.15,364,0,125.14601648351649,29137.3,47754.81,37699.05857142858,0,12,0
2017-12-05,33632.37,323,0,104.12498452012385,45553.15,47807.55,35674.03285714286,1,12,0
2017-12-06,39198.74,314,0,124.83675159235668,33632.37,39787.42,35589.93571428571,2,12,0
2017-12-07,27946.78,256,0,109.167109375,39198.74,31267.84,35115.49857142857,3,12,0
2017-12-08,29238.46,236,0,123.89177966101694,27946.78,39412.01,33662.13428571429,4,12,0
2017-12-09,20027.04,170,0,117.80611764705883,29238.46,30928.14,32104.83428571428,5,12,1
2017-12-10,24008.79,204,0,117.69014705882353,20027.04,29137.3,31372.19,6,12,1
2017-12-11,33575.49,294,0,114.2023469387755,24008.79,45553.15,29661.09571428571,0,12,0
2017-12-12,33062.97,292,0,113.2293493150685,33575.49,33632.37,29579.75285714286,1,12,0
2017-12-13,29361.48,260,0,112.92876923076923,33062.97,39198.74,28174.43,2,12,0
2017-12-14,25286.23,215,0,117.61037209302326,29361.48,27946.78,27794.351428571426,3,12,0
2017-12-15,27117.32,205,0,132.27960975609756,25286.23,29238.46,27491.33142857143,4,12,0
2017-12-16,20151.38,143,0,140.91874125874128,27117.32,20027.04,27509.094285714287,5,12,1
2017-12-17,19182.510000000002,150,0,127.88340000000001,20151.38,24008.79,26819.625714285714,6,12,1
2017-12-18,29162.11,233,0,125.1592703862661,19182.510000000002,33575.49,26189.142857142862,0,12,0
2017-12-19,20615.99,201,0,102.5671144278607,29162.11,33062.97,24411.00285714286,1,12,0
2017-12-20,26872.53,194,0,138.51819587628864,20615.99,29361.48,24055.43857142857,2,12,0
2017-12-21,18327.53,155,0,118.24212903225806,26872.53,25286.23,23061.338571428572,3,12,0
2017-12-22,14896.45,126,0,118.22579365079366,18327.53,27117.32,21315.5,4,12,0
2017-12-23,11835.45,114,0,103.81973684210527,14896.45,20151.38,20127.510000000002,5,12,1
2017-12-24,5600.02,59,0,94.91559322033899,11835.45,19182.510000000002,18187.154285714285,6,12,1
2017-12-25,10130.44,100,1,101.3044,5600.02,29162.11,15468.344285714285,0,12,0
2017-12-26,20071.73,178,0,112.76252808988764,10130.44,20615.99,15390.592857142856,1,12,0
2017-12-27,17700.4,184,0,96.19782608695652,20071.73,26872.53,14080.288571428571,2,12,0
2017-12-28,14647.79,154,0,95.11551948051948,17700.4,18327.53,13554.611428571428,3,12,0
2017-12-29,15912.82,150,0,106.08546666666666,14647.79,14896.45,13699.807142857144,4,12,0
2017-12-30,13042.65,108,0,120.76527777777777,15912.82,11835.45,13872.264285714287,5,12,1
2017-12-31,8640.87,77,0,112.21909090909092,13042.65,5600.02,14306.67142857143,6,12,1
2018-01-01,6818.31,80,1,85.228875,8640.87,10130.44,13833.51,0,1,0
2018-01-02,25315.0,233,0,108.6480686695279,6818.31,20071.73,14582.548571428571,1,1,0
2018-01-03,31086.83,245,0,126.88502040816327,25315.0,17700.4,16494.895714285714,2,1,0
2018-01-04,34339.840000000004,274,0,125.32788321167885,31086.83,14647.79,19308.045714285716,3,1,0
2018-01-05,26741.09,237,0,112.83160337552742,34339.840000000004,15912.82,20854.941428571427,4,1,0
2018-01-06,27609.670000000002,258,0,107.01422480620155,26741.09,13042.65,22935.94428571429,5,1,1
2018-01-07,29433.010000000002,220,0,133.7864090909091,27609.670000000002,8640.87,25906.250000000004,6,1,1
2018-01-08,38714.4,334,0,115.91137724550899,29433.010000000002,6818.31,30462.83428571429,0,1,0
2018-01-09,30139.01,271,0,111.2140590405904,38714.4,25315.0,31151.978571428575,1,1,0
2018-01-10,38244.63,316,0,121.02731012658226,30139.01,31086.83,32174.521428571432,2,1,0
2018-01-11,39910.11,303,0,131.71653465346535,38244.63,34339.840000000004,32970.27428571429,3,1,0
2018-01-12,30988.94,284,0,109.11598591549296,39910.11,26741.09,33577.11,4,1,0
2018-01-13,27922.010000000002,239,0,116.82849372384938,30988.94,27609.670000000002,33621.73,5,1,1
2018-01-14,30705.93,247,0,124.3155060728745,27922.010000000002,29433.010000000002,33803.57571428571,6,1,1
2018-01-15,37830.6,333,0,113.6054054054054,30705.93,38714.4,33677.31857142857,0,1,0
2018-01-16,44237.17,362,0,122.2021270718232,37830.6,30139.01,35691.341428571424,1,1,0
2018-01-17,35924.32,299,0,120.14822742474917,44237.17,38244.63,35359.868571428575,2,1,0
2018-01-18,27774.77,274,0,101.36777372262775,35924.32,39910.11,33626.24857142857,3,1,0
2018-01-19,29484.98,261,0,112.96927203065134,27774.77,30988.94,33411.397142857146,4,1,0
2018-01-20,22232.68,207,0,107.40425120772947,29484.98,27922.010000000002,32598.635714285712,5,1,1
2018-01-21,23708.93,212,0,111.83457547169812,22232.68,30705.93,31599.064285714285,6,1,1
2018-01-22,36972.75,350,0,105.63642857142857,23708.93,37830.6,31476.514285714282,0,1,0
2018-01-23,34326.37,298,0,115.18916107382552,36972.75,44237.17,30060.68571428571,1,1,0
2018-01-24,31353.89,267,0,117.43029962546817,34326.37,35924.32,29407.76714285714,2,1,0
2018-01-25,29528.62,263,0,112.2761216730038,31353.89,27774.77,29658.317142857144,3,1,0
2018-01-26,33770.2,262,0,128.893893129771,29528.62,29484.98,30270.49142857143,4,1,0
2018-01-27,21544.61,172,0,125.25936046511629,33770.2,22232.68,30172.195714285714,5,1,1
2018-01-28,23671.85,165,0,143.46575757575758,21544.61,23708.93,30166.898571428574,6,1,1
2018-01-29,29987.56,283,0,105.96310954063604,23671.85,36972.75,29169.014285714286,0,1,0
2018-01-30,28839.57,307,0,93.9399674267101,29987.56,34326.37,28385.18571428571,1,1,0
2018-01-31,32302.59,281,0,114.95583629893238,28839.57,31353.89,28520.714285714286,2,1,0
2018-02-01,29985.75,264,0,113.58238636363636,32302.59,29528.62,28586.018571428573,3,2,0
2018-02-02,27613.53,252,0,109.5775,29985.75,33770.2,27706.494285714285,4,2,0
2018-02-03,23084.670000000002,206,0,112.06150485436895,27613.53,21544.61,27926.502857142856,5,2,1
2018-02-04,23697.39,218,0,108.70362385321101,23084.670000000002,23671.85,27930.15142857143,6,2,1
2018-02-05,36866.24,308,0,119.6955844155844,23697.39,29987.56,28912.82,0,2,0
2018-02-06,33905.63,299,0,113.3967558528428,36866.24,28839.57,29636.542857142857,1,2,0
2018-02-07,31121.44,280,0,111.148,33905.63,32302.59,29467.807142857142,2,2,0
2018-02-08,27074.86,250,0,108.29944,31121.44,29985.75,29051.96571428571,3,2,0
2018-02-09,30571.07,226,0,135.27022123893806,27074.86,27613.53,29474.471428571425,4,2,0
2018-02-10,20579.17,193,0,106.62782383419689,30571.07,23084.670000000002,29116.542857142857,5,2,1
2018-02-11,22350.18,186,0,120.16225806451612,20579.17,23697.39,28924.084285714285,6,2,1
2018-02-12,23255.73,249,0,93.39650602409638,22350.18,36866.24,26979.725714285712,0,2,0
2018-02-13,23473.65,260,0,90.28326923076924,23255.73,33905.63,25489.442857142854,1,2,0
2018-02-14,36830.97,341,0,108.00870967741936,23473.65,31121.44,26305.09,2,2,0
2018-02-15,31968.97,311,0,102.79411575562702,36830.97,27074.86,27004.24857142857,3,2,0
2018-02-16,26786.0,244,0,109.77868852459017,31968.97,30571.07,26463.524285714284,4,2,0
2018-02-17,24841.48,221,0,112.40488687782805,26786.0,20579.17,27072.425714285717,5,2,1
2018-02-18,24491.63,232,0,105.56737068965518,24841.48,22350.18,27378.347142857143,6,2,1
2018-02-19,27869.13,291,0,95.77020618556702,24491.63,23255.73,28037.40428571429,0,2,0
2018-02-20,36412.090000000004,312,0,116.70541666666668,27869.13,23473.65,29885.752857142856,1,2,0
2018-02-21,32107.91,306,0,104.92781045751634,36412.090000000004,36830.97,29211.03,2,2,0
2018-02-22,31154.98,353,0,88.25773371104816,32107.91,31968.97,29094.74571428571,3,2,0
2018-02-23,28424.7,260,0,109.32576923076924,31154.98,26786.0,29328.84571428571,4,2,0
2018-02-24,24210.18,208,0,116.39509615384615,28424.7,24841.48,29238.66,5,2,1
2018-02-25,29053.87,268,0,108.40996268656716,24210.18,24491.63,29890.40857142857,6,2,1
2018-02-26,43632.16,331,0,131.81921450151057,29053.87,27869.13,32142.27,0,2,0
2018-02-27,40151.4,364,0,110.30604395604396,43632.16,36412.090000000004,32676.457142857143,1,2,0
2018-02-28,45480.58,357,0,127.39658263305323,40151.4,32107.91,34586.83857142857,2,2,0
2018-03-01,39381.63,313,0,125.81990415335463,45480.58,31154.98,35762.07428571429,3,3,0
2018-03-02,31776.46,303,0,104.87280528052806,39381.63,28424.7,36240.897142857146,4,3,0
2018-03-03,26091.27,227,0,114.93951541850221,31776.46,24210.18,36509.624285714286,5,3,1
2018-03-04,32441.9,250,0,129.76760000000002,26091.27,29053.87,36993.62857142857,6,3,1
2018-03-05,37617.07,312,0,120.56753205128204,32441.9,43632.16,36134.33,0,3,0
2018-03-06,39173.99,305,0,128.43931147540982,37617.07,40151.4,35994.7,1,3,0
2018-03-07,36137.89,289,0,125.04460207612456,39173.99,45480.58,34660.03,2,3,0
2018-03-08,27994.39,271,0,103.30033210332103,36137.89,39381.63,33033.28142857143,3,3,0
2018-03-09,28405.44,229,0,124.04122270742357,27994.39,31776.46,32551.707142857143,4,3,0
2018-03-10,25964.94,213,0,121.90112676056337,28405.44,26091.27,32533.66,5,3,1
2018-03-11,31320.43,239,0,131.04782426778243,25964.94,32441.9,32373.45,6,3,1
2018-03-12,30504.67,258,0,118.23515503875969,31320.43,37617.07,31357.39285714286,0,3,0
2018-03-13,35176.44,266,0,132.24225563909775,30504.67,39173.99,30786.314285714285,1,3,0
2018-03-14,23528.79,235,0,100.12251063829788,35176.44,36137.89,28985.014285714286,2,3,0
2018-03-15,44266.47,326,0,135.78671779141104,23528.79,27994.39,31309.597142857143,3,3,0
2018-03-16,32663.2,288,0,113.41388888888889,44266.47,28405.44,31917.84857142857,4,3,0
2018-03-17,20078.5,191,0,105.12303664921465,32663.2,25964.94,31076.928571428572,5,3,1
2018-03-18,31119.33,232,0,134.13504310344828,20078.5,31320.43,31048.2,6,3,1
2018-03-19,44580.19,365,0,122.13750684931507,31119.33,30504.67,33058.98857142857,0,3,0
2018-03-20,35431.47,346,0,102.40309248554914,44580.19,35176.44,33095.42142857143,1,3,0
2018-03-21,39589.43,314,0,126.0809872611465,35431.47,23528.79,35389.79857142857,2,3,0
2018-03-22,31119.41,296,0,105.1331418918919,39589.43,44266.47,33511.647142857146,3,3,0
2018-03-23,29258.47,254,0,115.19082677165355,31119.41,32663.2,33025.25714285714,4,3,0
2018-03-24,23787.77,189,0,125.86121693121693,29258.47,20078.5,33555.15285714286,5,3,1
2018-03-25,25557.29,226,0,113.08535398230089,23787.77,31119.33,32760.575714285715,6,3,1
2018-03-26,35725.11,319,0,111.99094043887148,25557.29,44580.19,31495.56428571429,0,3,0
2018-03-27,34726.52,288,0,120.57819444444443,35725.11,35431.47,31394.85714285714,1,3,0
2018-03-28,29683.44,241,0,123.16780082987552,34726.52,39589.43,29979.715714285714,2,3,0
2018-03-29,28841.74,223,0,129.33515695067265,29683.44,31119.41,29654.334285714285,3,3,0
2018-03-30,21929.14,184,1,119.18010869565217,28841.74,29258.47,28607.287142857145,4,3,0
2018-03-31,25203.73,193,0,130.58927461139896,21929.14,23787.77,28809.56714285714,5,3,1
2018-04-01,29396.66,232,0,126.70974137931034,25203.73,25557.29,29358.04857142857,6,4,1
2018-04-02,39630.2,330,0,120.09151515151514,29396.66,35725.11,29915.91857142857,0,4,0
2018-04-03,36246.51,279,0,129.91580645161292,39630.2,34726.52,30133.059999999998,1,4,0
2018-04-04,37982.73,287,0,132.34400696864114,36246.51,29683.44,31318.672857142858,2,4,0
2018-04-05,36058.79,298,0,121.00265100671142,37982.73,28841.74,32349.68,3,4,0
2018-04-06,27507.44,212,0,129.7520754716981,36058.79,21929.14,33146.58,4,4,0
2018-04-07,25517.38,184,0,138.68141304347827,27507.44,25203.73,33191.387142857144,5,4,1
2018-04-08,23463.85,207,0,113.35193236714976,25517.38,29396.66,32343.84285714286,6,4,1
2018-04-09,49308.73,290,0,170.03010344827587,23463.85,39630.2,33726.49,0,4,0
2018-04-10,27870.56,231,0,120.65177489177489,49308.73,36246.51,32529.925714285713,1,4,0
2018-04-11,40020.96,307,0,130.3614332247557,27870.56,37982.73,32821.101428571434,2,4,0
2018-04-12,34117.58,298,0,114.48852348993289,40020.96,36058.79,32543.785714285714,3,4,0
2018-04-13,29640.81,236,0,125.5966525423729,34117.58,27507.44,32848.55285714286,4,4,0
2018-04-14,18845.7,172,0,109.56802325581396,29640.81,25517.38,31895.455714285716,5,4,1
2018-04-15,30375.14,263,0,115.4948288973384,18845.7,23463.85,32882.78285714286,6,4,1
2018-04-16,40357.06,319,0,126.51115987460814,30375.14,49308.73,31603.972857142857,0,4,0
2018-04-17,36654.07,310,0,118.23893548387096,40357.06,27870.56,32858.76,1,4,0
2018-04-18,39472.71,315,0,125.31019047619047,36654.07,40020.96,32780.43857142857,2,4,0
2018-04-19,43080.23,353,0,122.04031161473088,39472.71,34117.58,34060.817142857144,3,4,0
2018-04-20,28284.84,228,0,124.05631578947369,43080.23,29640.81,33867.107142857145,4,4,0
2018-04-21,18966.34,169,1,112.22686390532544,28284.84,18845.7,33884.341428571424,5,4,1
2018-04-22,27350.9,233,0,117.38583690987124,18966.34,30375.14,33452.30714285715,6,4,1
2018-04-23,37674.27,329,0,114.51145896656534,27350.9,40357.06,33069.05142857143,0,4,0
2018-04-24,43046.78,310,0,138.8605806451613,37674.27,36654.07,33982.29571428571,1,4,0
2018-04-25,40945.12,320,0,127.9535,43046.78,39472.71,34192.64,2,4,0
2018-04-26,31409.56,292,0,107.56698630136987,40945.12,43080.23,32525.40142857143,3,4,0
2018-04-27,40680.04,284,0,143.23957746478874,31409.56,28284.84,34296.14428571429,4,4,0
2018-04-28,23420.91,190,0,123.26794736842105,40680.04,18966.34,34932.51142857143,5,4,1
2018-04-29,19302.7,187,0,103.22299465240643,23420.91,27350.9,33782.76857142857,6,4,1
2018-04-30,35456.81,283,0,125.2890812720848,19302.7,37674.27,33465.98857142857,0,4,0
2018-05-01,32963.9,276,1,119.43442028985508,35456.81,43046.78,32025.577142857142,1,5,0
2018-05-02,38557.72,339,0,113.73958702064897,32963.9,40945.12,31684.52,2,5,0
2018-05-03,42497.77,357,0,119.0413725490196,38557.72,31409.56,33268.55,3,5,0
2018-05-04,39730.93,309,0,128.57906148867315,42497.77,40680.04,33132.962857142855,4,5,0
2018-05-05,27994.16,217,0,129.00534562211982,39730.93,23420.91,33786.28428571428,5,5,1
2018-05-06,28288.25,239,0,118.36087866108787,27994.16,19302.7,35069.934285714284,6,5,1
2018-05-07,52932.0,414,0,127.85507246376811,28288.25,35456.81,37566.39,0,5,0
2018-05-08,47660.7,377,0,126.4209549071618,52932.0,32963.9,39665.932857142856,1,5,0
2018-05-09,43561.22,391,0,111.40976982097187,47660.7,38557.72,40380.718571428566,2,5,0
2018-05-10,50380.67,333,0,151.2933033033033,43561.22,42497.77,41506.84714285714,3,5,0
2018-05-11,37859.19,284,0,133.30700704225353,50380.67,39730.93,41239.455714285716,4,5,0
2018-05-12,29604.14,239,0,123.86669456066946,37859.19,27994.16,41469.45285714285,5,5,1
2018-05-13,31313.52,246,0,127.29073170731708,29604.14,28288.25,41901.63428571429,6,5,1
2018-05-14,53702.39,412,0,130.3456067961165,31313.52,52932.0,42011.69,0,5,0
2018-05-15,40974.37,421,0,97.3262945368171,53702.39,47660.7,41056.5,1,5,0
2018-05-16,56238.83,405,0,138.8613086419753,40974.37,43561.22,42867.58714285715,2,5,0
2018-05-17,31450.63,255,0,123.33580392156863,56238.83,50380.67,40163.29571428571,3,5,0
2018-05-18,31621.52,277,0,114.1571119133574,31450.63,37859.19,39272.200000000004,4,5,0
2018-05-19,25081.39,168,0,149.2939880952381,31621.52,29604.14,38626.09285714286,5,5,1
2018-05-20,19528.55,191,0,102.24371727748691,25081.39,31313.52,36942.525714285715,6,5,1
2018-05-21,25230.09,236,0,106.90716101694915,19528.55,53702.39,32875.05428571429,0,5,0
2018-05-22,27568.98,228,0,120.91657894736842,25230.09,40974.37,30959.99857142857,1,5,0
2018-05-23,17501.05,150,0,116.67366666666666,27568.98,56238.83,25426.030000000002,2,5,0
2018-05-24,20073.26,130,0,154.4096923076923,17501.05,31450.63,23800.691428571427,3,5,0
2018-05-25,15888.92,128,0,124.1321875,20073.26,31621.52,21553.177142857145,4,5,0
2018-05-26,14799.17,116,0,127.57905172413793,15888.92,25081.39,20084.28857142857,5,5,1
2018-05-27,12523.25,112,0,111.81473214285714,14799.17,19528.55,19083.53142857143,6,5,1
2018-05-28,26702.47,168,0,158.94327380952382,12523.25,25230.09,19293.87142857143,0,5,0
2018-05-29,25572.08,173,0,147.81549132947978,26702.47,27568.98,19008.600000000002,1,5,0
2018-05-30,19214.0,155,0,123.96129032258065,25572.08,17501.05,19253.307142857142,2,5,0
2018-05-31,25111.28,146,0,171.99506849315068,19214.0,20073.26,19973.024285714288,3,5,0
